<?xml version="1.0" encoding="UTF-8"?>
<!DOCTYPE mapper PUBLIC "-//mybatis.org//DTD Mapper 3.0//EN" "http://mybatis.org/dtd/mybatis-3-mapper.dtd">

<mapper
	namespace="com.example.jpetstore.dao.mybatis.mapper.AccountMapper">
	<cache />

	<select id="getAccountByUsername" resultType="Account">
		SELECT SIGNON.USERNAME,
		ACCOUNT.EMAIL,
		ACCOUNT.FIRSTNAME,
		ACCOUNT.LASTNAME,
		ACCOUNT.STATUS,
		ACCOUNT.ADDRESS,
		ACCOUNT.PHONE,
		ACCOUNT.NICKNAME,
		ACCOUNT.BANK,
		ACCOUNT.CARDNUMBER,
		ACCOUNT.CVC,
		ACCOUNT.EXPIRYDATE,
		ACCOUNT.CARDPASSWORD,
		PROFILE.LANGPREF AS languagePreference,
		PROFILE.FAVCATEGORY AS favouriteCategoryId,
		PROFILE.MYLISTOPT AS listOption,
		PROFILE.BANNEROPT AS bannerOption,
		BANNERDATA.BANNERNAME
		FROM ACCOUNT, PROFILE, SIGNON, BANNERDATA
		WHERE ACCOUNT.USERID = #{username}
		AND SIGNON.USERNAME = ACCOUNT.USERID
		AND PROFILE.USERID = ACCOUNT.USERID
		AND PROFILE.FAVCATEGORY = BANNERDATA.FAVCATEGORY
	</select>

	<select id="getAccountByUsernameAndPassword"
		resultType="Account">
		SELECT SIGNON.USERNAME,
		ACCOUNT.EMAIL,
		ACCOUNT.FIRSTNAME,
		ACCOUNT.LASTNAME,
		ACCOUNT.STATUS,
		ACCOUNT.ADDRESS,
		ACCOUNT.PHONE,
		ACCOUNT.NICKNAME,
		ACCOUNT.BANK,
		ACCOUNT.CARDNUMBER,
		ACCOUNT.CVC,
		ACCOUNT.EXPIRYDATE,
		ACCOUNT.CARDPASSWORD,
		PROFILE.LANGPREF AS languagePreference,
		PROFILE.FAVCATEGORY AS favouriteCategoryId,
		PROFILE.MYLISTOPT AS listOption,
		PROFILE.BANNEROPT AS bannerOption,
		BANNERDATA.BANNERNAME
		FROM ACCOUNT, PROFILE, SIGNON, BANNERDATA
		WHERE ACCOUNT.USERID = #{param1}
		AND SIGNON.PASSWORD = #{param2}
		AND SIGNON.USERNAME = ACCOUNT.USERID
		AND PROFILE.USERID = ACCOUNT.USERID
		AND PROFILE.FAVCATEGORY = BANNERDATA.FAVCATEGORY
	</select>

	<select id="getUsernameList" resultType="java.lang.String">
		SELECT USERNAME AS VALUE FROM SIGNON
	</select>

	<update id="updateAccount" parameterType="Account">
		UPDATE ACCOUNT SET
		EMAIL = #{email},
		FIRSTNAME = #{firstName},
		LASTNAME = #{lastName},
		STATUS = #{status},
		ADDRESS = #{address},
		PHONE = #{phone},
		NICKNAME = #{nickName},
		BANK = #{bank},
		CARDNUMBER = #{cardNumber},
		CVC = #{cvc},
		EXPIRYDATE = #{expiryDate},
		CARDPASSWORD = #{cardPassword}
		WHERE USERID = #{username}
	</update>

	<insert id="insertAccount" parameterType="Account">
		INSERT INTO ACCOUNT (EMAIL, FIRSTNAME, LASTNAME, STATUS, ADDRESS, PHONE, NICKNAME, BANK, CARDNUMBER, CVC, EXPIRYDATE, CARDPASSWORD, USERID)
		VALUES
		(#{email}, #{firstName}, #{lastName}, #{status}, #{address}, #{phone}, #{nickName}, #{bank}, #{cardNumber}, #{cvc}, #{expiryDate}, #{cardPassword}, #{username})
	</insert>

	<!-- TODO MyBatis 3 does not map booleans to integers <update id="updateProfile" 
		parameterType="Account"> UPDATE PROFILE SET LANGPREF = #{languagePreference}, 
		FAVCATEGORY = #{favouriteCategoryId}, MYLISTOPT = #{listOption}, BANNEROPT 
		= #{bannerOption} WHERE USERID = #{username} </update> -->

	<update id="updateProfile" parameterType="Account">
		UPDATE PROFILE SET
		LANGPREF = #{languagePreference},
		FAVCATEGORY = #{favouriteCategoryId}
		WHERE USERID = #{username}
	</update>

	<!-- TODO MyBatis 3 does not map booleans to integers <insert id="insertProfile" 
		parameterType="Account"> INSERT INTO PROFILE (LANGPREF, FAVCATEGORY, MYLISTOPT, 
		BANNEROPT, USERID) VALUES (#{languagePreference}, #{favouriteCategoryId}, 
		#{listOption}, #{bannerOption}, #{username}) </insert> -->

	<insert id="insertProfile" parameterType="Account">
		INSERT INTO PROFILE (LANGPREF, FAVCATEGORY, USERID)
		VALUES (#{languagePreference}, #{favouriteCategoryId}, #{username})
	</insert>

	<update id="updateSignon" parameterType="Account">
		UPDATE SIGNON SET PASSWORD = #{password}
		WHERE USERNAME = #{username}
	</update>

	<insert id="insertSignon" parameterType="Account">
		INSERT INTO SIGNON (PASSWORD,USERNAME)
		VALUES (#{password}, #{username})
	</insert>
</mapper>